"id","firstname","lastname","email"
"1","Regina","Graham","Regina_Graham@hotmail.com"
"2","Patrick","Donnelly","Patrick.Donnelly@yahoo.com"
"3","Kara","Emard","Kara71@hotmail.com"
"4","Max","Feil","Max85@hotmail.com"
"5","Levi","Turcotte","Levi.Turcotte69@hotmail.com"
"6","Margie","Sporer","Margie_Sporer38@hotmail.com"
"7","Holly","Runte","Holly.Runte@yahoo.com"
"8","Michele","Ledner","Michele88@gmail.com"
"9","Armando","Kuhn","Armando0@gmail.com"
"10","Carole","Heaney","Carole_Heaney73@hotmail.com"
"11","Gabriel","Labadie","Gabriel.Labadie@gmail.com"
"12","Christina","Keeling","Christina.Keeling76@gmail.com"
"13","Gwen","Kris","Gwen.Kris@yahoo.com"
"14","Holly","Abernathy","Holly_Abernathy86@yahoo.com"
"15","Jimmy","Kohler","Jimmy.Kohler47@hotmail.com"
"16","Mario","Stracke","Mario91@gmail.com"
"17","Darrel","Luettgen","Darrel.Luettgen10@gmail.com"
"18","Luther","Moore","Luther1@yahoo.com"
"19","Tonya","Volkman","Tonya_Volkman@gmail.com"
"20","Harriet","Sauer","Harriet38@gmail.com"
"21","Henrietta","Satterfield","Henrietta.Satterfield15@yahoo.com"
"22","Herbert","Fadel-Kozey","Herbert62@hotmail.com"
"23","Tom","Mitchell","Tom75@gmail.com"
"24","Carlos","Cartwright","Carlos_Cartwright@gmail.com"
"25","Judy","Heathcote","Judy_Heathcote@gmail.com"
"26","Naomi","Russel","Naomi7@yahoo.com"
"27","Jessie","Auer","Jessie_Auer@hotmail.com"
"28","Omar","Nolan","Omar_Nolan19@yahoo.com"
"29","Nathan","Bergnaum","Nathan58@gmail.com"
"30","Daryl","Kertzmann","Daryl44@hotmail.com"
"31","Jo","Grady","Jo_Grady@hotmail.com"
"32","Shelley","Rodriguez","Shelley_Rodriguez51@gmail.com"
"33","Glenn","Schultz-Bartell","Glenn_Schultz-Bartell36@hotmail.com"
"34","Betty","Mosciski","Betty99@yahoo.com"
"35","Timothy","Gorczany","Timothy.Gorczany20@yahoo.com"
"36","Clara","Gusikowski","Clara_Gusikowski28@gmail.com"
"37","Victoria","Bartell","Victoria_Bartell10@gmail.com"
"38","Eloise","Strosin","Eloise.Strosin82@hotmail.com"
"39","Alfred","Kshlerin","Alfred_Kshlerin@gmail.com"
"40","Bradley","Skiles","Bradley_Skiles55@gmail.com"
"41","Aaron","Ratke","Aaron_Ratke80@gmail.com"
"42","Ronald","Borer","Ronald.Borer@yahoo.com"
"43","Suzanne","Konopelski","Suzanne69@yahoo.com"
"44","Douglas","Batz-Gutmann","Douglas_Batz-Gutmann34@yahoo.com"
"45","Myra","Brakus","Myra_Brakus@hotmail.com"
"46","Timmy","Littel","Timmy_Littel@yahoo.com"
"47","Kyle","Williamson","Kyle47@yahoo.com"
"48","Ricky","Braun","Ricky_Braun57@yahoo.com"
"49","Sue","Volkman","Sue.Volkman8@hotmail.com"
"50","Lyle","Lakin","Lyle_Lakin13@yahoo.com"
"51","Angelo","Parisian","Angelo2@hotmail.com"
"52","Austin","Wuckert","Austin.Wuckert@yahoo.com"
"53","Alberta","Weissnat-Dickens","Alberta_Weissnat-Dickens41@gmail.com"
"54","Megan","Johns-Spencer","Megan_Johns-Spencer54@yahoo.com"
"55","Alicia","Jacobi","Alicia64@gmail.com"
"56","Hannah","Baumbach","Hannah44@hotmail.com"
"57","Natalie","Kuvalis","Natalie.Kuvalis41@gmail.com"
"58","Juan","Pacocha","Juan_Pacocha@gmail.com"
"59","Daisy","Frami","Daisy_Frami@hotmail.com"
"60","Barbara","Jerde","Barbara83@yahoo.com"
"61","Eddie","Herzog","Eddie34@gmail.com"
"62","Candice","Abshire-Ratke","Candice_Abshire-Ratke6@hotmail.com"
"63","Marty","Swaniawski","Marty.Swaniawski@gmail.com"
"64","Tommie","Lemke","Tommie.Lemke@hotmail.com"
"65","Kristin","Hilpert-Beier","Kristin8@gmail.com"
"66","Fred","Smith","Fred_Smith@gmail.com"
"67","Agnes","Daugherty","Agnes_Daugherty89@yahoo.com"
"68","Daryl","Connelly","Daryl_Connelly@hotmail.com"
"69","Elizabeth","Goyette","Elizabeth.Goyette97@hotmail.com"
"70","Boyd","Torp","Boyd_Torp@gmail.com"
"71","Jean","Mills","Jean42@hotmail.com"
"72","Mandy","Feeney","Mandy_Feeney81@gmail.com"
"73","Juanita","Jaskolski","Juanita_Jaskolski@yahoo.com"
"74","Nichole","Cole","Nichole46@yahoo.com"
"75","Erik","Tremblay","Erik.Tremblay44@gmail.com"
"76","Tasha","Rutherford","Tasha_Rutherford@hotmail.com"
"77","Raul","Purdy","Raul47@hotmail.com"
"78","Sheri","Hartmann-Boyer","Sheri.Hartmann-Boyer6@hotmail.com"
"79","Whitney","Koepp","Whitney.Koepp56@hotmail.com"
"80","Leo","O'Connell","Leo20@hotmail.com"
"81","Greg","Littel","Greg_Littel@gmail.com"
"82","Dominic","Littel","Dominic.Littel65@hotmail.com"
"83","Molly","Luettgen","Molly33@yahoo.com"
"84","Stephanie","Cruickshank","Stephanie_Cruickshank23@gmail.com"
"85","Myron","Abshire","Myron59@gmail.com"
"86","Damon","Aufderhar","Damon.Aufderhar@hotmail.com"
"87","Julian","McGlynn-Hintz","Julian.McGlynn-Hintz@hotmail.com"
"88","Mildred","Senger","Mildred_Senger@yahoo.com"
"89","Kristopher","Nader","Kristopher.Nader@hotmail.com"
"90","Jeffrey","Fisher","Jeffrey23@hotmail.com"
"91","Scott","Lockman","Scott8@gmail.com"
"92","Lawrence","Kautzer","Lawrence_Kautzer@yahoo.com"
"93","Rex","Abernathy","Rex.Abernathy85@hotmail.com"
"94","Anna","Ziemann","Anna_Ziemann15@gmail.com"
"95","Amber","Kunde","Amber76@gmail.com"
"96","Jose","Sporer","Jose.Sporer85@yahoo.com"
"97","Erick","Lehner","Erick73@yahoo.com"
"98","Lowell","Kautzer","Lowell.Kautzer@gmail.com"
"99","Brandy","Toy","Brandy52@gmail.com"
"100","Joanne","Rempel","Joanne.Rempel50@hotmail.com"
"101","Kim","Gorczany","Kim.Gorczany77@gmail.com"
"102","Peggy","Fadel","Peggy.Fadel@hotmail.com"
"103","Herbert","Nicolas","Herbert.Nicolas@hotmail.com"
"104","Darrin","Spinka","Darrin86@hotmail.com"
"105","Ella","Schultz","Ella_Schultz@hotmail.com"
"106","Everett","Kub","Everett_Kub20@hotmail.com"
"107","Tomas","D'Amore","Tomas.DAmore@yahoo.com"
"108","Sean","Batz","Sean96@gmail.com"
"109","Roderick","Mertz","Roderick88@yahoo.com"
"110","Casey","Strosin","Casey_Strosin88@hotmail.com"
"111","Jesse","Strosin","Jesse.Strosin@hotmail.com"
"112","Laurie","Nolan-Stiedemann","Laurie.Nolan-Stiedemann9@hotmail.com"
"113","Nicholas","Funk","Nicholas.Funk@hotmail.com"
"114","Brooke","Gulgowski","Brooke.Gulgowski@hotmail.com"
"115","Dewey","McClure","Dewey_McClure31@yahoo.com"
"116","Pat","Russel","Pat_Russel77@yahoo.com"
"117","Ollie","Ferry","Ollie.Ferry@gmail.com"
"118","Brett","Cartwright","Brett.Cartwright8@gmail.com"
"119","Tyler","Weimann","Tyler.Weimann57@yahoo.com"
"120","Tyler","Feil","Tyler.Feil@yahoo.com"
"121","Ida","Nader","Ida_Nader10@yahoo.com"
"122","Wayne","Green","Wayne_Green31@gmail.com"
"123","Dallas","Lowe","Dallas.Lowe79@hotmail.com"
"124","Krista","Goodwin","Krista_Goodwin@gmail.com"
"125","Lorraine","Boehm","Lorraine68@yahoo.com"
"126","Alexandra","Stoltenberg-Gorczany","Alexandra.Stoltenberg-Gorczany27@hotmail.com"
"127","Angel","Hoeger","Angel58@gmail.com"
"128","Zachary","Jacobi","Zachary_Jacobi13@yahoo.com"
"129","Valerie","Huel","Valerie52@yahoo.com"
"130","Ramon","Schinner","Ramon.Schinner@yahoo.com"
"131","Carole","Huels","Carole.Huels@hotmail.com"
"132","Willis","Ziemann","Willis.Ziemann@yahoo.com"
"133","Jeannie","Heathcote","Jeannie_Heathcote@gmail.com"
"134","Georgia","Jaskolski","Georgia.Jaskolski@gmail.com"
"135","Edward","Reilly","Edward.Reilly@yahoo.com"
"136","Tracey","Leuschke","Tracey95@yahoo.com"
"137","Johnny","Koss","Johnny75@yahoo.com"
"138","Lonnie","Quigley","Lonnie82@hotmail.com"
"139","Ellis","Littel","Ellis.Littel85@hotmail.com"
"140","Vicky","Schultz","Vicky.Schultz66@hotmail.com"
"141","Alfred","Hills","Alfred99@gmail.com"
"142","Horace","Ryan","Horace15@gmail.com"
"143","Harvey","Hessel","Harvey.Hessel51@hotmail.com"
"144","Marilyn","Kris","Marilyn_Kris91@gmail.com"
"145","Bethany","Gutmann","Bethany46@hotmail.com"
"146","Katrina","Rippin","Katrina_Rippin@gmail.com"
"147","Archie","Hackett","Archie.Hackett43@yahoo.com"
"148","Dwight","Huels","Dwight10@gmail.com"
"149","Arlene","Hudson","Arlene.Hudson@yahoo.com"
"150","Ed","Conn","Ed_Conn16@yahoo.com"
"151","Guillermo","Hegmann","Guillermo_Hegmann@yahoo.com"
"152","Orville","Bartoletti","Orville_Bartoletti@hotmail.com"
"153","Dallas","Zulauf","Dallas.Zulauf@gmail.com"
"154","Clinton","Gislason","Clinton63@hotmail.com"
"155","Austin","Gleichner","Austin97@yahoo.com"
"156","Devin","Jacobson","Devin46@yahoo.com"
"157","Archie","Smitham","Archie_Smitham@yahoo.com"
"158","Edwin","Runte","Edwin.Runte@hotmail.com"
"159","Erma","Prosacco","Erma26@hotmail.com"
"160","Eileen","Flatley","Eileen_Flatley@yahoo.com"
"161","Alton","Konopelski","Alton_Konopelski@yahoo.com"
"162","Lindsey","Nader","Lindsey.Nader@gmail.com"
"163","Richard","Crist","Richard_Crist34@yahoo.com"
"164","Shelia","Kunze","Shelia_Kunze@yahoo.com"
"165","Reginald","Schiller","Reginald_Schiller67@gmail.com"
"166","Tomas","Morar","Tomas_Morar@hotmail.com"
"167","Kristina","Shields","Kristina_Shields85@yahoo.com"
"168","Jean","Schmeler","Jean.Schmeler@gmail.com"
"169","Oliver","Schulist","Oliver.Schulist39@gmail.com"
"170","Olga","Welch","Olga38@gmail.com"
"171","Lonnie","Auer","Lonnie.Auer14@hotmail.com"
"172","Mandy","Sanford","Mandy.Sanford@hotmail.com"
"173","Tami","Bahringer","Tami44@hotmail.com"
"174","Taylor","Hodkiewicz","Taylor.Hodkiewicz81@hotmail.com"
"175","Stella","Towne","Stella52@hotmail.com"
"176","Helen","Schumm","Helen59@yahoo.com"
"177","Jake","Heidenreich","Jake7@yahoo.com"
"178","Vicki","Monahan","Vicki85@yahoo.com"
"179","Gwen","Boyer","Gwen.Boyer@yahoo.com"
"180","Stewart","Howe","Stewart.Howe90@hotmail.com"
"181","Roberto","Bechtelar","Roberto_Bechtelar@yahoo.com"
"182","Lindsay","Swaniawski","Lindsay.Swaniawski@yahoo.com"
"183","Alberto","Rodriguez","Alberto.Rodriguez32@gmail.com"
"184","Sylvester","King","Sylvester_King80@yahoo.com"
"185","Ebony","Brekke","Ebony_Brekke@hotmail.com"
"186","Rufus","Predovic","Rufus.Predovic56@yahoo.com"
"187","Ellis","Trantow","Ellis.Trantow80@hotmail.com"
"188","Perry","Volkman","Perry.Volkman23@hotmail.com"
"189","Rosemary","Kutch-Lind","Rosemary_Kutch-Lind61@hotmail.com"
"190","Kurt","Price","Kurt.Price@gmail.com"
"191","Brian","Rice","Brian_Rice36@yahoo.com"
"192","Mae","Hilll","Mae.Hilll44@hotmail.com"
"193","Todd","Leffler","Todd_Leffler@gmail.com"
"194","Doreen","Hermann","Doreen59@gmail.com"
"195","Brooke","Stark","Brooke_Stark@gmail.com"
"196","Jody","Bosco","Jody.Bosco@hotmail.com"
"197","Eloise","Predovic","Eloise28@yahoo.com"
"198","Cesar","Murray","Cesar.Murray@yahoo.com"
"199","Sergio","Murazik","Sergio_Murazik@hotmail.com"
"200","Karla","Mueller","Karla_Mueller87@gmail.com"
"201","Isaac","Johns","Isaac.Johns22@hotmail.com"
"202","Josh","Haley","Josh65@hotmail.com"
"203","Shelley","Emard","Shelley78@yahoo.com"
"204","Freddie","Muller","Freddie70@gmail.com"
"205","Ron","Kihn-Friesen","Ron_Kihn-Friesen81@gmail.com"
"206","Juana","Bernier","Juana0@yahoo.com"
"207","Jana","Terry","Jana.Terry95@hotmail.com"
"208","Stacey","Turner","Stacey21@yahoo.com"
"209","Shannon","Zboncak","Shannon59@yahoo.com"
"210","Susie","Terry","Susie1@yahoo.com"
"211","Jamie","Kihn","Jamie.Kihn@gmail.com"
"212","Margarita","Ziemann","Margarita.Ziemann@yahoo.com"
"213","Regina","Abernathy","Regina_Abernathy@hotmail.com"
"214","Nellie","Cartwright-Frami","Nellie_Cartwright-Frami@yahoo.com"
"215","Orlando","Weissnat","Orlando23@gmail.com"
"216","Jake","Collier","Jake.Collier54@hotmail.com"
"217","Darla","Murphy","Darla.Murphy@yahoo.com"
"218","Kate","Lockman","Kate.Lockman63@gmail.com"
"219","Brent","Little","Brent97@gmail.com"
"220","Kay","Strosin","Kay75@gmail.com"
"221","Shelia","Johns","Shelia.Johns80@yahoo.com"
"222","Monique","Buckridge","Monique.Buckridge@yahoo.com"
"223","Alberta","Crona","Alberta33@yahoo.com"
"224","Delbert","Jaskolski","Delbert_Jaskolski11@hotmail.com"
"225","Emilio","Nitzsche","Emilio.Nitzsche@gmail.com"
"226","Donna","Hodkiewicz","Donna66@gmail.com"
"227","Genevieve","Stroman-D'Amore","Genevieve38@yahoo.com"
"228","Edward","Feest","Edward25@gmail.com"
"229","Jordan","Weber","Jordan.Weber@yahoo.com"
"230","Shawn","Pfannerstill","Shawn.Pfannerstill@hotmail.com"
"231","Tracy","Vandervort","Tracy_Vandervort18@gmail.com"
"232","Darren","DuBuque","Darren_DuBuque11@gmail.com"
"233","Matthew","Ankunding","Matthew.Ankunding69@yahoo.com"
"234","Kim","Blick","Kim.Blick48@yahoo.com"
"235","Sonya","Johnson","Sonya_Johnson@hotmail.com"
"236","Rose","Corkery","Rose.Corkery@yahoo.com"
"237","Janice","Corkery","Janice_Corkery@yahoo.com"
"238","Yolanda","Pouros","Yolanda.Pouros31@hotmail.com"
"239","Jared","Cole","Jared_Cole11@gmail.com"
"240","Jeremy","Jones","Jeremy_Jones73@hotmail.com"
"241","Lionel","Romaguera","Lionel.Romaguera@gmail.com"
"242","Essie","Rosenbaum","Essie_Rosenbaum@yahoo.com"
"243","Denise","White","Denise.White@gmail.com"
"244","Jane","Luettgen","Jane.Luettgen@hotmail.com"
"245","Marcos","Larson","Marcos_Larson@yahoo.com"
"246","Marvin","Ortiz","Marvin_Ortiz32@yahoo.com"
"247","Sonia","Robel","Sonia.Robel@hotmail.com"
"248","Joey","Grant","Joey_Grant44@hotmail.com"
"249","Gary","Kulas","Gary32@yahoo.com"
"250","Leticia","Lowe","Leticia.Lowe@gmail.com"
"251","Jorge","Erdman","Jorge.Erdman@yahoo.com"
"252","Hugo","Wiegand","Hugo.Wiegand59@hotmail.com"
"253","Francisco","Weimann","Francisco_Weimann@hotmail.com"
"254","Robin","Swaniawski","Robin.Swaniawski@yahoo.com"
"255","Darin","Mayert","Darin.Mayert@gmail.com"
"256","Ben","Ullrich","Ben_Ullrich@gmail.com"
"257","Angie","Koepp","Angie9@hotmail.com"
"258","Mario","Wisozk","Mario12@gmail.com"
"259","Alfredo","Ledner","Alfredo61@yahoo.com"
"260","Lindsay","Gorczany","Lindsay.Gorczany8@hotmail.com"
"261","Agnes","Koelpin","Agnes.Koelpin@gmail.com"
"262","Daisy","Huels","Daisy92@yahoo.com"
"263","Audrey","Cronin-Macejkovic","Audrey.Cronin-Macejkovic@hotmail.com"
"264","Ignacio","Hilll","Ignacio_Hilll69@hotmail.com"
"265","Ronald","Hettinger","Ronald_Hettinger21@hotmail.com"
"266","Lois","Keeling","Lois92@yahoo.com"
"267","Emmett","Sporer","Emmett_Sporer@gmail.com"
"268","Dale","Schultz","Dale.Schultz@gmail.com"
"269","Melinda","Mayert","Melinda88@hotmail.com"
"270","Ruben","Koch","Ruben51@gmail.com"
"271","Bertha","Considine-Reichert","Bertha88@yahoo.com"
"272","Louise","Runolfsdottir","Louise.Runolfsdottir@hotmail.com"
"273","Andy","Hackett","Andy_Hackett@yahoo.com"
"274","David","Davis","David_Davis22@hotmail.com"
"275","Joyce","Hilpert","Joyce.Hilpert52@yahoo.com"
"276","Bessie","Wiza","Bessie.Wiza@yahoo.com"
"277","Sue","Feest","Sue46@gmail.com"
"278","Ricky","Olson","Ricky.Olson@yahoo.com"
"279","Brandi","Borer","Brandi.Borer@yahoo.com"
"280","Muriel","Bergnaum","Muriel_Bergnaum15@hotmail.com"
"281","Jacqueline","Dach","Jacqueline35@gmail.com"
"282","Julia","Brakus","Julia_Brakus@hotmail.com"
"283","Cecil","Dach","Cecil_Dach97@hotmail.com"
"284","Eloise","Larson","Eloise.Larson@yahoo.com"
"285","Kristie","Auer-Price","Kristie_Auer-Price29@hotmail.com"
"286","Darin","West","Darin_West@yahoo.com"
"287","Patty","Graham","Patty83@gmail.com"
"288","Madeline","Hahn","Madeline.Hahn46@yahoo.com"
"289","Marian","Gibson","Marian.Gibson71@hotmail.com"
"290","Gwendolyn","Altenwerth","Gwendolyn_Altenwerth48@gmail.com"
"291","Angie","Torphy","Angie34@yahoo.com"
"292","Sylvia","Cassin","Sylvia_Cassin@hotmail.com"
"293","Bryan","Franey","Bryan.Franey@hotmail.com"
"294","Nichole","Runolfsdottir","Nichole_Runolfsdottir@gmail.com"
"295","Stuart","Douglas","Stuart70@hotmail.com"
"296","Caleb","Wyman","Caleb.Wyman18@yahoo.com"
"297","Jacob","Hilll","Jacob96@hotmail.com"
"298","Beverly","Bins","Beverly_Bins96@hotmail.com"
"299","Ebony","Koelpin","Ebony_Koelpin@gmail.com"
"300","Sophia","Ledner-Weber","Sophia.Ledner-Weber12@hotmail.com"
"301","Kelley","Marquardt","Kelley_Marquardt13@hotmail.com"
"302","Luz","Hartmann","Luz.Hartmann27@yahoo.com"
"303","Randal","Rogahn","Randal_Rogahn41@gmail.com"
"304","Melanie","Prohaska-Heller","Melanie.Prohaska-Heller@gmail.com"
"305","Natalie","Fritsch","Natalie_Fritsch@gmail.com"
"306","Joey","Feeney","Joey_Feeney52@hotmail.com"
"307","Elbert","Ratke","Elbert_Ratke@yahoo.com"
"308","Alice","Lehner","Alice32@hotmail.com"
"309","Mack","Walker","Mack46@yahoo.com"
"310","Doreen","O'Kon","Doreen.OKon@hotmail.com"
"311","Heather","Larson","Heather_Larson@gmail.com"
"312","Mathew","Toy","Mathew58@gmail.com"
"313","Salvatore","Shields-Deckow","Salvatore_Shields-Deckow89@hotmail.com"
"314","Bennie","Huel","Bennie35@yahoo.com"
"315","Darrel","Schowalter","Darrel.Schowalter20@gmail.com"
"316","Lora","McClure","Lora.McClure39@hotmail.com"
"317","Alvin","Hyatt","Alvin_Hyatt@yahoo.com"
"318","Louis","Haag","Louis.Haag49@gmail.com"
"319","Timmy","Moen","Timmy.Moen50@gmail.com"
"320","Kurt","Hirthe","Kurt.Hirthe35@gmail.com"
"321","Lula","Nolan","Lula57@hotmail.com"
"322","Stuart","Mills","Stuart_Mills31@hotmail.com"
"323","Lynn","Brekke","Lynn_Brekke@gmail.com"
"324","Bessie","Bernhard","Bessie83@yahoo.com"
"325","Gilberto","Kuhic","Gilberto.Kuhic@yahoo.com"
"326","Cindy","Stamm","Cindy.Stamm@gmail.com"
"327","Marjorie","Bartell","Marjorie31@yahoo.com"
"328","Benny","Altenwerth","Benny_Altenwerth@gmail.com"
"329","Owen","Keebler","Owen_Keebler57@yahoo.com"
"330","Karla","Dietrich","Karla.Dietrich@gmail.com"
"331","Israel","Smitham","Israel.Smitham@gmail.com"
"332","Dwayne","Bauch","Dwayne.Bauch@yahoo.com"
"333","Carrie","Howe","Carrie_Howe69@yahoo.com"
"334","Jessica","Hagenes","Jessica.Hagenes@yahoo.com"
"335","Roland","Hoeger","Roland.Hoeger@yahoo.com"
"336","Matthew","Brekke","Matthew.Brekke@yahoo.com"
"337","Lewis","Connelly","Lewis62@gmail.com"
"338","Ruby","Stiedemann","Ruby_Stiedemann20@yahoo.com"
"339","Manuel","Botsford","Manuel.Botsford66@yahoo.com"
"340","Brandy","Braun","Brandy1@yahoo.com"
"341","Morris","Mills","Morris.Mills@yahoo.com"
"342","Steve","Bahringer","Steve46@hotmail.com"
"343","Sonja","Collier","Sonja.Collier@hotmail.com"
"344","Erick","West","Erick.West83@hotmail.com"
"345","Earl","Medhurst","Earl25@hotmail.com"
"346","Wendell","Marquardt","Wendell_Marquardt@gmail.com"
"347","Frances","Hills","Frances_Hills@yahoo.com"
"348","Brittany","Lynch","Brittany.Lynch@gmail.com"
"349","Gerardo","Rowe","Gerardo.Rowe@gmail.com"
"350","Tony","Blanda","Tony_Blanda60@gmail.com"
"351","Dallas","Windler","Dallas8@gmail.com"
"352","Bonnie","Goodwin","Bonnie_Goodwin9@yahoo.com"
"353","Becky","Daniel","Becky.Daniel@hotmail.com"
"354","Mark","Schowalter-Daniel","Mark_Schowalter-Daniel50@yahoo.com"
"355","Arlene","Wilderman","Arlene50@hotmail.com"
"356","Alan","Grimes","Alan.Grimes@yahoo.com"
"357","Raymond","Kuhic","Raymond_Kuhic92@yahoo.com"
"358","Bob","Ruecker","Bob_Ruecker@hotmail.com"
"359","Blanca","Mertz","Blanca_Mertz@yahoo.com"
"360","Krystal","Barrows","Krystal8@hotmail.com"
"361","Frankie","Terry","Frankie.Terry2@hotmail.com"
"362","Frances","Wilkinson","Frances97@gmail.com"
"363","Felipe","Nader","Felipe_Nader@hotmail.com"
"364","Opal","Fahey","Opal48@gmail.com"
"365","Nina","Zemlak","Nina34@gmail.com"
"366","Roderick","Hahn","Roderick66@yahoo.com"
"367","Theresa","Lindgren","Theresa.Lindgren13@hotmail.com"
"368","Nathan","Cormier","Nathan.Cormier@hotmail.com"
"369","Dewey","Wisozk","Dewey43@hotmail.com"
"370","Melba","Hamill","Melba7@hotmail.com"
"371","Jacob","Mohr","Jacob72@yahoo.com"
"372","Raquel","Fritsch","Raquel_Fritsch11@yahoo.com"
"373","Rogelio","Bradtke","Rogelio_Bradtke7@hotmail.com"
"374","Mandy","Satterfield","Mandy29@yahoo.com"
"375","Beulah","Ratke","Beulah_Ratke9@hotmail.com"
"376","Beverly","Monahan","Beverly_Monahan@gmail.com"
"377","Javier","Mayert","Javier_Mayert@hotmail.com"
"378","Ricky","Ullrich","Ricky_Ullrich@gmail.com"
"379","Felix","Langworth","Felix.Langworth44@hotmail.com"
"380","Olga","Howell","Olga.Howell@hotmail.com"
"381","Fredrick","Klocko","Fredrick.Klocko68@hotmail.com"
"382","Viola","Streich","Viola28@yahoo.com"
"383","Jenna","Dickinson","Jenna59@yahoo.com"
"384","Aaron","Block","Aaron.Block9@yahoo.com"
"385","Russell","McClure-Koss","Russell_McClure-Koss84@gmail.com"
"386","Julia","Mraz","Julia.Mraz5@yahoo.com"
"387","Luz","Deckow","Luz_Deckow@gmail.com"
"388","Gwen","Simonis","Gwen_Simonis@yahoo.com"
"389","Lewis","DuBuque","Lewis_DuBuque@gmail.com"
"390","Jody","Christiansen-Balistreri","Jody83@hotmail.com"
"391","Dwayne","Beatty","Dwayne.Beatty34@gmail.com"
"392","Norma","Heaney","Norma.Heaney63@hotmail.com"
"393","Bert","Douglas","Bert3@yahoo.com"
"394","Amber","Franey-Bednar","Amber.Franey-Bednar@hotmail.com"
"395","Helen","Wehner","Helen.Wehner58@gmail.com"
"396","Debbie","Shanahan","Debbie_Shanahan26@hotmail.com"
"397","Alison","McDermott","Alison.McDermott67@gmail.com"
"398","Terry","Botsford","Terry.Botsford@gmail.com"
"399","Martha","Schmidt","Martha38@gmail.com"
"400","Virginia","West","Virginia75@yahoo.com"
"401","Nellie","Wiegand","Nellie_Wiegand@gmail.com"
"402","Hubert","Legros","Hubert.Legros@yahoo.com"
"403","Henrietta","Quitzon","Henrietta_Quitzon@gmail.com"
"404","Geraldine","Batz-Will","Geraldine_Batz-Will@gmail.com"
"405","Krystal","Upton","Krystal.Upton83@yahoo.com"
"406","Bethany","Donnelly","Bethany_Donnelly86@yahoo.com"
"407","Peter","Boehm","Peter_Boehm80@gmail.com"
"408","Felipe","Hagenes","Felipe33@gmail.com"
"409","Samuel","Goodwin","Samuel.Goodwin@gmail.com"
"410","Kenny","Breitenberg","Kenny20@yahoo.com"
"411","Marcella","Ortiz","Marcella44@gmail.com"
"412","Grady","Rice","Grady30@yahoo.com"
"413","Kimberly","Leannon","Kimberly_Leannon14@yahoo.com"
"414","Clay","Greenfelder","Clay_Greenfelder7@gmail.com"
"415","Bernice","Walsh-Blanda","Bernice_Walsh-Blanda20@gmail.com"
"416","Lila","Hahn","Lila.Hahn@gmail.com"
"417","Tyrone","Hirthe","Tyrone.Hirthe@hotmail.com"
"418","Rosalie","Morissette","Rosalie_Morissette@yahoo.com"
"419","Tom","Graham","Tom58@gmail.com"
"420","Eloise","Miller","Eloise_Miller@gmail.com"
"421","Regina","Aufderhar","Regina98@hotmail.com"
"422","Santos","Kris","Santos25@yahoo.com"
"423","Marcos","Cartwright","Marcos_Cartwright66@yahoo.com"
"424","Sheldon","Olson","Sheldon5@gmail.com"
"425","Dexter","Koelpin","Dexter.Koelpin76@hotmail.com"
"426","Shari","Rogahn","Shari_Rogahn@gmail.com"
"427","Curtis","Schaefer","Curtis_Schaefer33@gmail.com"
"428","Candace","Swaniawski-Konopelski","Candace52@gmail.com"
"429","Marguerite","Jacobs","Marguerite_Jacobs94@yahoo.com"
"430","Angie","Rath","Angie_Rath92@gmail.com"
"431","Geoffrey","Boyle-Johns","Geoffrey_Boyle-Johns30@hotmail.com"
"432","Sonia","Welch","Sonia12@gmail.com"
"433","Elisa","Marvin","Elisa30@yahoo.com"
"434","Andrew","Altenwerth","Andrew_Altenwerth@yahoo.com"
"435","Irma","Collins","Irma98@gmail.com"
"436","Perry","Barton","Perry_Barton77@yahoo.com"
"437","Delores","Moore","Delores.Moore25@hotmail.com"
"438","Mario","Bernier","Mario91@hotmail.com"
"439","Max","Bogisich","Max.Bogisich@yahoo.com"
"440","Stacey","Monahan-Zieme","Stacey_Monahan-Zieme70@gmail.com"
"441","Sherman","Schaefer","Sherman.Schaefer66@yahoo.com"
"442","Loren","Cummings","Loren.Cummings@gmail.com"
"443","Jackie","Klein-Powlowski","Jackie_Klein-Powlowski94@hotmail.com"
"444","Tom","Labadie","Tom_Labadie@hotmail.com"
"445","Margarita","Zemlak","Margarita.Zemlak77@hotmail.com"
"446","Megan","Graham","Megan80@yahoo.com"
"447","Chester","Brakus","Chester.Brakus60@gmail.com"
"448","Susan","Hegmann","Susan81@hotmail.com"
"449","Wayne","Wuckert","Wayne_Wuckert71@yahoo.com"
"450","Becky","Lockman","Becky_Lockman32@yahoo.com"
"451","Lorene","Langworth","Lorene.Langworth@gmail.com"
"452","Kristina","Gleason","Kristina69@gmail.com"
"453","Willard","Franecki","Willard.Franecki@hotmail.com"
"454","Genevieve","Mayer-Strosin","Genevieve_Mayer-Strosin94@yahoo.com"
"455","Bobby","Deckow","Bobby_Deckow@hotmail.com"
"456","Roger","Zieme","Roger_Zieme@hotmail.com"
"457","Melinda","O'Reilly","Melinda_OReilly96@gmail.com"
"458","Garry","Dietrich","Garry.Dietrich@yahoo.com"
"459","Edward","Reichert","Edward64@gmail.com"
"460","Luther","Goodwin","Luther62@gmail.com"
"461","Phyllis","Stroman","Phyllis_Stroman@hotmail.com"
"462","Heidi","Barton","Heidi_Barton@yahoo.com"
"463","Ramona","Moore","Ramona88@hotmail.com"
"464","Christina","Schaden","Christina_Schaden47@gmail.com"
"465","Darrel","Gutmann","Darrel.Gutmann@gmail.com"
"466","Eduardo","Veum","Eduardo_Veum69@hotmail.com"
"467","Raymond","Marquardt","Raymond.Marquardt@yahoo.com"
"468","Dawn","Jacobson","Dawn94@gmail.com"
"469","Vera","Kautzer","Vera25@gmail.com"
"470","Laverne","Koelpin","Laverne26@hotmail.com"
"471","Lucia","Walsh","Lucia.Walsh@gmail.com"
"472","Norma","Larson","Norma.Larson@gmail.com"
"473","Josh","Tromp-Sanford","Josh7@hotmail.com"
"474","Ray","Cassin","Ray_Cassin72@gmail.com"
"475","Sherri","Kohler","Sherri.Kohler93@hotmail.com"
"476","Antonia","Hoppe","Antonia17@hotmail.com"
"477","Sonja","Beahan","Sonja20@yahoo.com"
"478","Ernesto","Beatty","Ernesto80@yahoo.com"
"479","Marie","Rutherford","Marie.Rutherford@hotmail.com"
"480","Ken","Hegmann","Ken86@gmail.com"
"481","Tommie","Ward","Tommie78@yahoo.com"
"482","April","Luettgen","April97@hotmail.com"
"483","Darrel","Grady","Darrel.Grady70@gmail.com"
"484","Joe","Feest","Joe_Feest@yahoo.com"
"485","Jon","Luettgen","Jon.Luettgen14@hotmail.com"
"486","Todd","Bernhard","Todd87@gmail.com"
"487","Dale","Cartwright","Dale.Cartwright@gmail.com"
"488","Terry","Corkery","Terry3@yahoo.com"
"489","Rodney","Dooley","Rodney_Dooley13@hotmail.com"
"490","Alberta","Dare","Alberta.Dare8@gmail.com"
"491","Luke","Hermiston","Luke_Hermiston@gmail.com"
"492","Alicia","Muller","Alicia.Muller72@hotmail.com"
"493","Jose","Ferry","Jose.Ferry@hotmail.com"
"494","Whitney","Aufderhar","Whitney_Aufderhar80@gmail.com"
"495","Ernesto","Luettgen","Ernesto.Luettgen@yahoo.com"
"496","Cora","Keebler","Cora.Keebler@gmail.com"
"497","Bennie","Kunde","Bennie.Kunde@gmail.com"
"498","Luke","Boyle","Luke_Boyle69@yahoo.com"
"499","Tommy","Cruickshank","Tommy75@gmail.com"
"500","Theresa","Hoeger","Theresa39@yahoo.com"
"501","Marilyn","Hahn","Marilyn_Hahn@yahoo.com"
"502","Cassandra","Harber","Cassandra70@gmail.com"
"503","Forrest","Stoltenberg","Forrest.Stoltenberg92@gmail.com"
"504","Clay","Cormier","Clay84@hotmail.com"
"505","Paulette","Reinger","Paulette_Reinger@yahoo.com"
"506","Brendan","Pollich","Brendan98@yahoo.com"
"507","Taylor","Schoen","Taylor11@gmail.com"
"508","Delores","Schinner","Delores_Schinner@gmail.com"
"509","Barbara","Sawayn","Barbara2@gmail.com"
"510","Benny","Swaniawski","Benny.Swaniawski@yahoo.com"
"511","Gustavo","Hintz","Gustavo_Hintz38@yahoo.com"
"512","Blanca","Considine","Blanca_Considine@yahoo.com"
"513","Leo","Morissette-Welch","Leo82@gmail.com"
"514","Eva","Morar","Eva.Morar52@hotmail.com"
"515","Alyssa","Daugherty","Alyssa.Daugherty@gmail.com"
"516","Donnie","Rodriguez","Donnie68@gmail.com"
"517","Julius","Weissnat","Julius_Weissnat@yahoo.com"
"518","Veronica","Beatty","Veronica.Beatty@yahoo.com"
"519","Susie","Pollich","Susie.Pollich31@hotmail.com"
"520","Lela","Brown","Lela.Brown61@yahoo.com"
"521","Cora","Gottlieb","Cora.Gottlieb57@gmail.com"
"522","Alan","Murphy","Alan_Murphy86@hotmail.com"
"523","Theresa","Towne","Theresa.Towne93@gmail.com"
"524","Mamie","Stroman","Mamie_Stroman25@gmail.com"
"525","Terri","Parker","Terri.Parker@hotmail.com"
"526","Billie","Barrows","Billie40@hotmail.com"
"527","Arlene","Schowalter","Arlene.Schowalter@gmail.com"
"528","Francis","Wehner","Francis.Wehner4@hotmail.com"
"529","Andrea","Stoltenberg","Andrea.Stoltenberg4@yahoo.com"
"530","Stuart","Gutkowski","Stuart_Gutkowski57@yahoo.com"
"531","Lester","Simonis","Lester_Simonis@hotmail.com"
"532","Brenda","Hauck","Brenda.Hauck@hotmail.com"
"533","Joy","Dooley","Joy70@gmail.com"
"534","Annette","Considine","Annette11@yahoo.com"
"535","Shelley","Kirlin","Shelley.Kirlin4@gmail.com"
"536","Lillie","Corwin","Lillie_Corwin@gmail.com"
"537","Chester","Haag","Chester.Haag88@yahoo.com"
"538","Alexandra","Corkery","Alexandra.Corkery47@gmail.com"
"539","Owen","Oberbrunner","Owen.Oberbrunner@gmail.com"
"540","Johnathan","Dach","Johnathan4@hotmail.com"
"541","Faye","Streich","Faye.Streich62@hotmail.com"
"542","Sally","Hettinger","Sally_Hettinger18@hotmail.com"
"543","Ray","Hudson","Ray.Hudson@gmail.com"
"544","Sherry","Feeney","Sherry_Feeney@gmail.com"
"545","Cynthia","Bartell","Cynthia.Bartell@gmail.com"
"546","Desiree","Grimes","Desiree_Grimes85@hotmail.com"
"547","Myra","Wisoky","Myra.Wisoky40@hotmail.com"
"548","Alexander","Emard","Alexander_Emard70@yahoo.com"
"549","Lance","Ernser","Lance.Ernser52@yahoo.com"
"550","Sherry","Kris","Sherry_Kris@gmail.com"
"551","Elsa","Bode","Elsa.Bode@yahoo.com"
"552","Raquel","Sporer","Raquel.Sporer61@yahoo.com"
"553","Annette","Reichel","Annette_Reichel@yahoo.com"
"554","Aubrey","Kulas","Aubrey.Kulas37@hotmail.com"
"555","Regina","Walter","Regina14@yahoo.com"
"556","Perry","Franecki","Perry99@hotmail.com"
"557","Verna","Greenfelder","Verna_Greenfelder@yahoo.com"
"558","Erika","Kutch","Erika.Kutch@gmail.com"
"559","Lynn","Dibbert","Lynn85@gmail.com"
"560","Antonio","Hegmann","Antonio.Hegmann@yahoo.com"
"561","Pamela","Grimes","Pamela_Grimes@gmail.com"
"562","Claudia","Lowe","Claudia_Lowe@gmail.com"
"563","Marlon","Windler-Sauer","Marlon0@hotmail.com"
"564","Luke","King","Luke19@hotmail.com"
"565","Alberto","Friesen","Alberto.Friesen@gmail.com"
"566","Theodore","Pfeffer-Labadie","Theodore.Pfeffer-Labadie@gmail.com"
"567","Nichole","Quigley","Nichole_Quigley97@hotmail.com"
"568","Kay","Simonis","Kay.Simonis@hotmail.com"
"569","Eula","Smith","Eula76@hotmail.com"
"570","Javier","Waelchi","Javier.Waelchi@yahoo.com"
"571","Jodi","Koelpin","Jodi.Koelpin36@gmail.com"
"572","Vernon","Yost","Vernon.Yost45@yahoo.com"
"573","Willie","McDermott","Willie29@gmail.com"
"574","Lynne","Bernier","Lynne.Bernier@yahoo.com"
"575","Viola","Heaney","Viola_Heaney91@gmail.com"
"576","Paul","Cronin","Paul_Cronin@yahoo.com"
"577","Kristopher","Hilpert","Kristopher_Hilpert65@gmail.com"
"578","Brian","Hills","Brian31@hotmail.com"
"579","Lynette","McLaughlin","Lynette.McLaughlin@hotmail.com"
"580","Jody","Breitenberg","Jody.Breitenberg@gmail.com"
"581","Cynthia","Osinski","Cynthia_Osinski@hotmail.com"
"582","Beatrice","Funk","Beatrice0@yahoo.com"
"583","Peter","Littel","Peter_Littel40@hotmail.com"
"584","Kelly","McKenzie","Kelly.McKenzie40@gmail.com"
"585","Vincent","Dach","Vincent.Dach@gmail.com"
"586","Cedric","Hirthe","Cedric.Hirthe@hotmail.com"
"587","Jay","Nader","Jay.Nader71@yahoo.com"
"588","Aaron","Kautzer","Aaron.Kautzer@gmail.com"
"589","Gilberto","Auer","Gilberto_Auer@hotmail.com"
"590","Jesus","Kulas","Jesus30@hotmail.com"
"591","Myrtle","Brown","Myrtle_Brown90@hotmail.com"
"592","Bennie","Reichert","Bennie_Reichert57@hotmail.com"
"593","Jay","Cummerata","Jay_Cummerata@hotmail.com"
"594","Pat","O'Keefe","Pat46@hotmail.com"
"595","Bill","Bruen","Bill_Bruen74@hotmail.com"
"596","Ollie","Lakin","Ollie94@hotmail.com"
"597","Simon","Boyer","Simon_Boyer41@yahoo.com"
"598","Loren","Jacobs","Loren_Jacobs41@hotmail.com"
"599","Bert","Hodkiewicz","Bert10@yahoo.com"
"600","Erik","Greenholt","Erik.Greenholt@yahoo.com"
"601","Ryan","Orn","Ryan_Orn71@hotmail.com"
"602","Holly","Howe","Holly.Howe@hotmail.com"
"603","Blanca","Leannon","Blanca.Leannon8@hotmail.com"
"604","Connie","Rolfson","Connie_Rolfson75@gmail.com"
"605","Julia","Spencer","Julia.Spencer37@hotmail.com"
"606","Terry","Bogan","Terry.Bogan44@yahoo.com"
"607","Marjorie","Borer","Marjorie_Borer69@gmail.com"
"608","Mary","O'Keefe","Mary_OKeefe@hotmail.com"
"609","Lee","Cormier-Shields","Lee.Cormier-Shields37@gmail.com"
"610","Tina","Nader","Tina.Nader53@hotmail.com"
"611","Fernando","Nitzsche","Fernando32@yahoo.com"
"612","Stephanie","Gorczany","Stephanie.Gorczany@hotmail.com"
"613","Nora","Schmidt","Nora_Schmidt@gmail.com"
"614","Regina","Wiza","Regina1@gmail.com"
"615","Rick","Waters","Rick_Waters19@yahoo.com"
"616","Trevor","Swaniawski","Trevor.Swaniawski@gmail.com"
"617","Delia","Dibbert","Delia_Dibbert@hotmail.com"
"618","Kirk","Kshlerin","Kirk.Kshlerin@yahoo.com"
"619","Steven","Hills","Steven_Hills90@hotmail.com"
"620","Naomi","Mraz","Naomi57@hotmail.com"
"621","Kristine","Cruickshank","Kristine.Cruickshank50@hotmail.com"
"622","Melinda","Conn-Turner","Melinda.Conn-Turner@gmail.com"
"623","Travis","Runolfsson","Travis_Runolfsson97@yahoo.com"
"624","Juan","O'Hara","Juan3@gmail.com"
"625","Mary","Gerlach","Mary.Gerlach41@gmail.com"
"626","Mary","Stehr","Mary.Stehr@yahoo.com"
"627","Whitney","Jaskolski","Whitney_Jaskolski@yahoo.com"
"628","Pam","Thompson-Mayer","Pam_Thompson-Mayer@gmail.com"
"629","Orville","Bins","Orville.Bins14@yahoo.com"
"630","Mathew","Leannon-Koss","Mathew_Leannon-Koss23@yahoo.com"
"631","Geneva","Sipes","Geneva_Sipes22@hotmail.com"
"632","Charles","Dach","Charles_Dach46@yahoo.com"
"633","Patty","Shanahan-Howell","Patty19@gmail.com"
"634","Terrance","Hansen","Terrance23@gmail.com"
"635","Aubrey","Hoeger","Aubrey19@yahoo.com"
"636","Kirk","Stark","Kirk.Stark86@hotmail.com"
"637","Eula","O'Kon-Denesik","Eula87@gmail.com"
"638","Gerald","Schmidt","Gerald22@gmail.com"
"639","Carroll","Schamberger","Carroll_Schamberger@gmail.com"
"640","Renee","Balistreri","Renee_Balistreri23@gmail.com"
"641","Matthew","Mayert","Matthew_Mayert@yahoo.com"
"642","Forrest","Stiedemann","Forrest_Stiedemann@gmail.com"
"643","Velma","Runolfsdottir","Velma.Runolfsdottir@hotmail.com"
"644","Veronica","Dickens","Veronica54@gmail.com"
"645","Anita","Lebsack-Rice","Anita.Lebsack-Rice@yahoo.com"
"646","Annette","Williamson","Annette.Williamson16@yahoo.com"
"647","Henrietta","Shanahan","Henrietta64@hotmail.com"
"648","Marianne","Steuber","Marianne.Steuber66@hotmail.com"
"649","Marguerite","Abernathy","Marguerite_Abernathy@yahoo.com"
"650","Allison","Skiles","Allison.Skiles52@hotmail.com"
"651","Stewart","Jacobson","Stewart35@hotmail.com"
"652","Christina","Macejkovic","Christina35@yahoo.com"
"653","Dianne","Feil","Dianne.Feil60@hotmail.com"
"654","Katherine","Tremblay","Katherine.Tremblay56@yahoo.com"
"655","Joan","Reinger","Joan_Reinger98@hotmail.com"
"656","Paul","Fay","Paul35@hotmail.com"
"657","Bruce","Homenick","Bruce.Homenick52@gmail.com"
"658","Pete","Dooley","Pete_Dooley26@yahoo.com"
"659","Jared","Maggio-Hettinger","Jared_Maggio-Hettinger@yahoo.com"
"660","Wilma","Legros","Wilma_Legros@hotmail.com"
"661","Kendra","Parker","Kendra95@yahoo.com"
"662","Brooke","Mayer","Brooke13@yahoo.com"
"663","Dwight","Feil","Dwight_Feil55@hotmail.com"
"664","Mary","Moore","Mary.Moore62@gmail.com"
"665","Drew","Macejkovic","Drew73@yahoo.com"
"666","Brent","Lockman","Brent9@gmail.com"
"667","Glenn","Aufderhar","Glenn_Aufderhar@yahoo.com"
"668","Loren","Carter-Kling","Loren.Carter-Kling@yahoo.com"
"669","Sally","Schimmel","Sally_Schimmel@yahoo.com"
"670","Nancy","Hermiston","Nancy.Hermiston7@hotmail.com"
"671","Ramon","Kohler","Ramon_Kohler@gmail.com"
"672","Salvador","O'Keefe","Salvador.OKeefe59@gmail.com"
"673","Amelia","Stark","Amelia.Stark27@hotmail.com"
"674","Rachel","Nolan","Rachel_Nolan62@yahoo.com"
"675","Delia","Johnson","Delia9@hotmail.com"
"676","Juanita","Shanahan","Juanita83@yahoo.com"
"677","Theodore","Bauch","Theodore_Bauch16@gmail.com"
"678","Elias","D'Amore","Elias_DAmore95@gmail.com"
"679","Lionel","Feil","Lionel.Feil82@gmail.com"
"680","Sophie","O'Conner","Sophie.OConner@gmail.com"
"681","Albert","Flatley","Albert_Flatley80@gmail.com"
"682","Bradley","Watsica","Bradley14@yahoo.com"
"683","Shawn","Satterfield","Shawn_Satterfield0@gmail.com"
"684","Bobby","Dach","Bobby27@gmail.com"
"685","Clifford","Murphy","Clifford.Murphy@gmail.com"
"686","Andre","Hilpert","Andre_Hilpert@yahoo.com"
"687","Saul","Stroman","Saul99@yahoo.com"
"688","Nina","Von","Nina15@hotmail.com"
"689","Jacquelyn","Treutel","Jacquelyn35@hotmail.com"
"690","Courtney","Olson","Courtney_Olson14@gmail.com"
"691","Sheila","Okuneva","Sheila_Okuneva66@hotmail.com"
"692","Phyllis","Bartell","Phyllis76@hotmail.com"
"693","Isaac","Paucek","Isaac.Paucek@gmail.com"
"694","Mitchell","Swaniawski","Mitchell.Swaniawski@hotmail.com"
"695","Cary","Von","Cary57@gmail.com"
"696","Joey","Corwin","Joey.Corwin@hotmail.com"
"697","Taylor","Borer","Taylor83@gmail.com"
"698","Toby","Schmeler","Toby.Schmeler@gmail.com"
"699","Peggy","Stroman","Peggy17@hotmail.com"
"700","Eddie","Kohler","Eddie_Kohler10@hotmail.com"
"701","Rosie","Rogahn","Rosie80@gmail.com"
"702","Josh","Homenick","Josh_Homenick@gmail.com"
"703","Elena","Howell","Elena69@yahoo.com"
"704","Derrick","Hintz","Derrick_Hintz35@yahoo.com"
"705","Winston","Feeney","Winston25@yahoo.com"
"706","Nina","Schamberger","Nina_Schamberger@hotmail.com"
"707","Marta","Goldner","Marta94@hotmail.com"
"708","Iris","Grant","Iris_Grant77@gmail.com"
"709","Tommy","Legros","Tommy70@gmail.com"
"710","Edgar","Stiedemann","Edgar70@hotmail.com"
"711","Geoffrey","Tromp","Geoffrey.Tromp28@hotmail.com"
"712","Carlos","Roberts","Carlos95@yahoo.com"
"713","Gabriel","Greenfelder","Gabriel.Greenfelder8@yahoo.com"
"714","Erin","Mayert","Erin11@gmail.com"
"715","Forrest","Schneider","Forrest.Schneider65@yahoo.com"
"716","Leah","Ankunding","Leah_Ankunding@gmail.com"
"717","Jennifer","Kreiger","Jennifer.Kreiger63@yahoo.com"
"718","Kristopher","Russel","Kristopher_Russel@gmail.com"
"719","Ed","Reilly","Ed.Reilly@yahoo.com"
"720","Charles","Lebsack","Charles13@gmail.com"
"721","Billy","D'Amore","Billy.DAmore@yahoo.com"
"722","Stephen","Runolfsson-Douglas","Stephen25@hotmail.com"
"723","Muriel","Schroeder","Muriel_Schroeder@yahoo.com"
"724","Noel","Quigley","Noel_Quigley3@hotmail.com"
"725","Luis","McKenzie","Luis_McKenzie12@gmail.com"
"726","Tony","Pagac","Tony.Pagac16@gmail.com"
"727","Jessie","Wehner","Jessie11@gmail.com"
"728","Wade","Kuphal","Wade.Kuphal@yahoo.com"
"729","Carol","Jenkins","Carol57@hotmail.com"
"730","Jennie","Osinski","Jennie.Osinski54@hotmail.com"
"731","Grady","Leuschke","Grady.Leuschke52@yahoo.com"
"732","Edwin","Jacobson","Edwin.Jacobson73@hotmail.com"
"733","Patricia","Brekke","Patricia62@hotmail.com"
"734","Billy","Ratke","Billy74@yahoo.com"
"735","Mildred","Mitchell","Mildred_Mitchell18@gmail.com"
"736","Sean","Schmeler-Waelchi","Sean.Schmeler-Waelchi@hotmail.com"
"737","Dan","Ankunding","Dan_Ankunding30@hotmail.com"
"738","Daryl","Huels","Daryl_Huels51@yahoo.com"
"739","Elsie","Wisoky","Elsie44@yahoo.com"
"740","Brett","Zulauf","Brett_Zulauf@hotmail.com"
"741","Jenna","Wuckert","Jenna76@hotmail.com"
"742","Jorge","Buckridge","Jorge.Buckridge@gmail.com"
"743","Lorraine","Greenholt","Lorraine65@hotmail.com"
"744","Kurt","Cummings","Kurt_Cummings53@yahoo.com"
"745","Meredith","Grady","Meredith.Grady90@hotmail.com"
"746","Peter","Bosco","Peter.Bosco96@yahoo.com"
"747","Candace","West","Candace.West37@yahoo.com"
"748","Bradley","Boehm","Bradley64@yahoo.com"
"749","Rachael","Johns","Rachael49@hotmail.com"
"750","Becky","Lockman","Becky24@gmail.com"
"751","Dallas","Bergnaum","Dallas22@hotmail.com"
"752","Duane","Harber","Duane71@yahoo.com"
"753","Ramona","Haag","Ramona.Haag67@gmail.com"
"754","Emily","Zieme","Emily_Zieme@gmail.com"
"755","Robin","O'Reilly","Robin1@hotmail.com"
"756","Billie","Frami","Billie44@gmail.com"
"757","Dawn","Borer","Dawn4@hotmail.com"
"758","Ernestine","Sanford","Ernestine7@hotmail.com"
"759","Devin","Borer","Devin.Borer86@gmail.com"
"760","Olga","Leannon","Olga.Leannon@gmail.com"
"761","Herbert","Bogisich","Herbert89@yahoo.com"
"762","Devin","Raynor","Devin66@hotmail.com"
"763","Jessie","Kerluke","Jessie54@yahoo.com"
"764","Marlene","Hickle","Marlene_Hickle@hotmail.com"
"765","Tiffany","Gibson","Tiffany.Gibson@gmail.com"
"766","Jose","Bednar","Jose.Bednar@yahoo.com"
"767","Alexandra","Kassulke-Runolfsson","Alexandra43@gmail.com"
"768","Brittany","Davis","Brittany61@hotmail.com"
"769","Virgil","Welch","Virgil.Welch32@gmail.com"
"770","Ernestine","Durgan","Ernestine.Durgan@hotmail.com"
"771","Elaine","Armstrong","Elaine_Armstrong@gmail.com"
"772","Annie","Ferry","Annie8@yahoo.com"
"773","Cesar","Luettgen","Cesar.Luettgen95@yahoo.com"
"774","Celia","Kohler","Celia49@yahoo.com"
"775","Lynda","Bahringer","Lynda.Bahringer47@gmail.com"
"776","Jessie","Schaden","Jessie_Schaden@yahoo.com"
"777","Andres","Huels","Andres_Huels@yahoo.com"
"778","Martin","Medhurst","Martin_Medhurst85@hotmail.com"
"779","Fernando","Hahn","Fernando80@gmail.com"
"780","Luke","Skiles","Luke56@hotmail.com"
"781","Lydia","Turcotte","Lydia_Turcotte@hotmail.com"
"782","Wallace","Oberbrunner","Wallace25@yahoo.com"
"783","Maurice","Funk","Maurice_Funk37@yahoo.com"
"784","April","Klocko","April_Klocko@yahoo.com"
"785","Samantha","Miller","Samantha_Miller@yahoo.com"
"786","Marty","Mraz","Marty_Mraz10@gmail.com"
"787","Brandy","Hermann","Brandy_Hermann47@gmail.com"
"788","Edith","Leuschke","Edith77@yahoo.com"
"789","Kate","Rowe","Kate.Rowe@hotmail.com"
"790","Johnnie","Rogahn","Johnnie71@yahoo.com"
"791","Winston","Donnelly","Winston76@yahoo.com"
"792","Susie","Little","Susie_Little@yahoo.com"
"793","Bernice","Waters-Bechtelar","Bernice65@gmail.com"
"794","Kristie","Hudson","Kristie_Hudson@gmail.com"
"795","Brendan","Kling","Brendan_Kling@yahoo.com"
"796","Heather","Emmerich","Heather_Emmerich@gmail.com"
"797","Jonathan","Fay","Jonathan_Fay4@hotmail.com"
"798","Gladys","Quigley","Gladys87@gmail.com"
"799","Robyn","Flatley","Robyn_Flatley48@yahoo.com"
"800","Pam","Anderson","Pam46@gmail.com"
"801","Connie","Murray","Connie3@yahoo.com"
"802","Jennie","Mitchell","Jennie10@hotmail.com"
"803","Timothy","Kozey","Timothy22@yahoo.com"
"804","David","Anderson","David50@yahoo.com"
"805","Courtney","Turcotte","Courtney.Turcotte61@gmail.com"
"806","Marguerite","DuBuque","Marguerite96@yahoo.com"
"807","Josh","Reichert","Josh43@yahoo.com"
"808","Taylor","Pfeffer","Taylor.Pfeffer@yahoo.com"
"809","Holly","Prohaska","Holly3@gmail.com"
"810","Felipe","Wilkinson-Torp","Felipe.Wilkinson-Torp@gmail.com"
"811","Donald","Deckow","Donald_Deckow@yahoo.com"
"812","Chad","Haley","Chad76@gmail.com"
"813","Robin","Gorczany","Robin_Gorczany@yahoo.com"
"814","Nathaniel","Jakubowski","Nathaniel40@yahoo.com"
"815","Randall","Hudson","Randall.Hudson@gmail.com"
"816","Shelley","O'Conner","Shelley12@yahoo.com"
"817","Faye","Emmerich","Faye25@hotmail.com"
"818","Melba","Kshlerin","Melba2@gmail.com"
"819","Lawrence","Kirlin","Lawrence46@gmail.com"
"820","Roberto","Ortiz","Roberto_Ortiz79@hotmail.com"
"821","Mitchell","Howe","Mitchell62@hotmail.com"
"822","Angela","Lang","Angela_Lang64@gmail.com"
"823","Freddie","Reichert","Freddie_Reichert32@gmail.com"
"824","Lamar","Trantow","Lamar59@yahoo.com"
"825","Estelle","Jenkins","Estelle17@yahoo.com"
"826","Lucille","Medhurst","Lucille.Medhurst31@hotmail.com"
"827","Neal","Lubowitz","Neal93@yahoo.com"
"828","Peter","Sporer","Peter_Sporer76@hotmail.com"
"829","Eric","Klocko","Eric_Klocko@yahoo.com"
"830","Ramona","Jenkins","Ramona42@gmail.com"
"831","Darlene","Kunde","Darlene_Kunde45@hotmail.com"
"832","Merle","Emmerich","Merle.Emmerich51@hotmail.com"
"833","Joseph","Bernier","Joseph_Bernier75@hotmail.com"
"834","Lillian","Kris","Lillian5@gmail.com"
"835","Stephanie","Runolfsson","Stephanie_Runolfsson22@yahoo.com"
"836","Alice","McGlynn","Alice_McGlynn65@hotmail.com"
"837","Ernesto","Adams","Ernesto40@gmail.com"
"838","Kim","Tromp","Kim.Tromp@hotmail.com"
"839","Norma","Stiedemann-Lind","Norma_Stiedemann-Lind@hotmail.com"
"840","Brent","Daniel","Brent.Daniel@hotmail.com"
"841","Wayne","Goyette","Wayne_Goyette10@hotmail.com"
"842","Zachary","Zemlak","Zachary11@hotmail.com"
"843","Kimberly","Ryan","Kimberly_Ryan@yahoo.com"
"844","Nelson","Kuvalis","Nelson37@hotmail.com"
"845","Martha","Yost","Martha.Yost@hotmail.com"
"846","Mike","Braun","Mike_Braun9@hotmail.com"
"847","Al","Powlowski","Al99@hotmail.com"
"848","Herbert","Jast","Herbert_Jast@gmail.com"
"849","Gladys","Farrell","Gladys12@gmail.com"
"850","Rose","Ziemann","Rose93@hotmail.com"
"851","Joseph","Larson","Joseph.Larson@gmail.com"
"852","Peter","Schaefer","Peter_Schaefer40@gmail.com"
"853","Carol","Larkin","Carol20@yahoo.com"
"854","Sally","Purdy","Sally_Purdy@yahoo.com"
"855","Deanna","Cronin","Deanna29@gmail.com"
"856","Rachel","Schiller","Rachel.Schiller13@yahoo.com"
"857","Yolanda","Wisozk-Mraz","Yolanda.Wisozk-Mraz@yahoo.com"
"858","Everett","Ankunding","Everett_Ankunding15@gmail.com"
"859","Merle","O'Kon","Merle86@gmail.com"
"860","Belinda","Graham","Belinda.Graham@yahoo.com"
"861","Mandy","O'Kon","Mandy.OKon82@hotmail.com"
"862","Bessie","Glover","Bessie6@hotmail.com"
"863","Krista","Hyatt","Krista_Hyatt@yahoo.com"
"864","Jared","Jacobi","Jared_Jacobi77@gmail.com"
"865","Don","Toy","Don_Toy@gmail.com"
"866","Joseph","Crona","Joseph.Crona@hotmail.com"
"867","Jennifer","Durgan","Jennifer38@gmail.com"
"868","Danny","Legros","Danny.Legros69@gmail.com"
"869","Winifred","Schroeder","Winifred45@gmail.com"
"870","Milton","Mertz","Milton4@hotmail.com"
"871","Matthew","Franecki","Matthew50@gmail.com"
"872","Elias","Carroll","Elias86@yahoo.com"
"873","Luke","Rohan","Luke.Rohan44@gmail.com"
"874","Edna","Beer","Edna_Beer88@hotmail.com"
"875","Olivia","Lebsack","Olivia89@yahoo.com"
"876","Lorena","Skiles","Lorena.Skiles@gmail.com"
"877","Leslie","Reichert","Leslie6@gmail.com"
"878","Tabitha","Schuster","Tabitha.Schuster39@gmail.com"
"879","Salvatore","Rogahn","Salvatore_Rogahn31@gmail.com"
"880","Kristina","Sipes","Kristina76@hotmail.com"
"881","Jan","Reinger","Jan.Reinger@yahoo.com"
"882","Otis","Rutherford","Otis.Rutherford@hotmail.com"
"883","Alfred","Heller","Alfred.Heller90@hotmail.com"
"884","Neal","Herman","Neal1@hotmail.com"
"885","Bruce","Fisher-Olson","Bruce89@hotmail.com"
"886","Faye","VonRueden","Faye_VonRueden26@yahoo.com"
"887","Catherine","Aufderhar","Catherine69@yahoo.com"
"888","Nicholas","Dooley","Nicholas_Dooley70@hotmail.com"
"889","Laverne","O'Keefe","Laverne86@gmail.com"
"890","Silvia","O'Reilly","Silvia12@yahoo.com"
"891","Ignacio","White","Ignacio_White56@hotmail.com"
"892","Marlene","Medhurst","Marlene.Medhurst@gmail.com"
"893","Cecil","Crist","Cecil.Crist13@yahoo.com"
"894","Tabitha","Haley","Tabitha.Haley3@gmail.com"
"895","Brendan","Schmitt","Brendan26@yahoo.com"
"896","Justin","Casper","Justin72@hotmail.com"
"897","Raymond","Ankunding-Goyette","Raymond85@yahoo.com"
"898","Christopher","Blick","Christopher.Blick@hotmail.com"
"899","Miguel","Sawayn","Miguel_Sawayn@hotmail.com"
"900","Marianne","Robel","Marianne.Robel@gmail.com"
"901","Jana","Brown","Jana_Brown@gmail.com"
"902","Joey","Murazik","Joey.Murazik44@yahoo.com"
"903","Earl","Mayer","Earl_Mayer59@hotmail.com"
"904","Jimmy","Corkery","Jimmy.Corkery@gmail.com"
"905","Nadine","Herzog","Nadine.Herzog@hotmail.com"
"906","Hattie","Streich","Hattie_Streich@yahoo.com"
"907","Carroll","Dare","Carroll55@gmail.com"
"908","Catherine","Aufderhar","Catherine_Aufderhar84@gmail.com"
"909","Joe","Bednar","Joe_Bednar@yahoo.com"
"910","Rosemarie","Howell","Rosemarie_Howell33@hotmail.com"
"911","Raul","Kilback","Raul_Kilback69@gmail.com"
"912","Brittany","Mosciski","Brittany.Mosciski77@gmail.com"
"913","Jenna","Heller","Jenna88@gmail.com"
"914","Anna","Schumm","Anna51@gmail.com"
"915","Ernest","Medhurst-Weber","Ernest.Medhurst-Weber95@yahoo.com"
"916","Hugo","Williamson","Hugo24@yahoo.com"
"917","Irene","Harber","Irene53@gmail.com"
"918","Tim","Murazik","Tim.Murazik@hotmail.com"
"919","Darnell","Upton","Darnell.Upton@yahoo.com"
"920","Caroline","Von","Caroline.Von@gmail.com"
"921","Al","Schamberger","Al13@yahoo.com"
"922","Ida","Hills","Ida_Hills@gmail.com"
"923","Jodi","Langosh","Jodi.Langosh79@gmail.com"
"924","Sonja","Kautzer","Sonja12@gmail.com"
"925","Amanda","Watsica","Amanda9@gmail.com"
"926","Phillip","VonRueden","Phillip_VonRueden@hotmail.com"
"927","Conrad","Franecki","Conrad.Franecki37@yahoo.com"
"928","Leslie","Herman","Leslie_Herman@yahoo.com"
"929","Kristie","Predovic","Kristie_Predovic72@hotmail.com"
"930","Faye","Swaniawski","Faye3@yahoo.com"
"931","Fannie","Jacobson","Fannie98@gmail.com"
"932","Jody","Considine","Jody.Considine@hotmail.com"
"933","Bruce","Howe-Goyette","Bruce_Howe-Goyette@yahoo.com"
"934","Bridget","Swift","Bridget.Swift89@gmail.com"
"935","Rhonda","Steuber","Rhonda46@gmail.com"
"936","Dale","Goodwin","Dale.Goodwin41@hotmail.com"
"937","Earl","Kris","Earl_Kris60@hotmail.com"
"938","Tyrone","O'Conner","Tyrone.OConner@hotmail.com"
"939","Elisa","McClure","Elisa.McClure93@hotmail.com"
"940","Andres","Gusikowski","Andres.Gusikowski@gmail.com"
"941","Lynette","Wolf","Lynette86@gmail.com"
"942","Katie","Rau","Katie_Rau@yahoo.com"
"943","Steve","Daugherty","Steve.Daugherty80@gmail.com"
"944","Guy","Stoltenberg","Guy.Stoltenberg79@yahoo.com"
"945","Shannon","Mraz","Shannon_Mraz76@gmail.com"
"946","Brenda","Hirthe","Brenda_Hirthe@hotmail.com"
"947","Naomi","Fisher","Naomi_Fisher13@yahoo.com"
"948","Peter","Hermann","Peter.Hermann25@hotmail.com"
"949","Lynda","Reinger","Lynda27@hotmail.com"
"950","Gary","Emmerich","Gary22@hotmail.com"
"951","Clay","Harber","Clay.Harber51@gmail.com"
"952","Russell","Watsica","Russell.Watsica67@yahoo.com"
"953","Claude","Vandervort","Claude27@yahoo.com"
"954","Angelina","Davis","Angelina.Davis@yahoo.com"
"955","Willis","O'Reilly","Willis_OReilly22@yahoo.com"
"956","Jessie","Mitchell","Jessie_Mitchell@yahoo.com"
"957","Charles","Gorczany","Charles_Gorczany36@yahoo.com"
"958","Velma","Ratke","Velma_Ratke@gmail.com"
"959","Daryl","Purdy","Daryl.Purdy@gmail.com"
"960","Hugh","Leannon","Hugh.Leannon97@hotmail.com"
"961","Roberta","Herzog","Roberta.Herzog67@hotmail.com"
"962","Javier","Bayer","Javier_Bayer@gmail.com"
"963","Paul","Dietrich","Paul.Dietrich18@gmail.com"
"964","Hugh","Labadie","Hugh_Labadie@hotmail.com"
"965","Irene","Denesik","Irene.Denesik53@yahoo.com"
"966","Milton","Krajcik","Milton.Krajcik@gmail.com"
"967","Melody","Turner-Osinski","Melody57@gmail.com"
"968","Ronnie","Kiehn","Ronnie.Kiehn@yahoo.com"
"969","Vincent","Carter","Vincent.Carter@yahoo.com"
"970","Freda","Roberts","Freda14@hotmail.com"
"971","Lela","Schulist","Lela.Schulist43@gmail.com"
"972","Elias","Boehm","Elias31@hotmail.com"
"973","Latoya","Keeling","Latoya_Keeling@hotmail.com"
"974","Maryann","Wiza","Maryann.Wiza99@yahoo.com"
"975","Rochelle","Gorczany","Rochelle.Gorczany@gmail.com"
"976","Naomi","Kerluke","Naomi_Kerluke@yahoo.com"
"977","Wilbur","Koch","Wilbur_Koch53@yahoo.com"
"978","Jimmy","Ratke-Rowe","Jimmy_Ratke-Rowe61@hotmail.com"
"979","Carla","Russel","Carla.Russel@gmail.com"
"980","Ramon","Stiedemann","Ramon.Stiedemann51@yahoo.com"
"981","Bennie","Hodkiewicz","Bennie73@gmail.com"
"982","Jamie","Halvorson","Jamie46@yahoo.com"
"983","Elena","Keebler","Elena.Keebler59@gmail.com"
"984","Dora","Goyette","Dora.Goyette38@hotmail.com"
"985","Julius","Ullrich","Julius_Ullrich@hotmail.com"
"986","Warren","Botsford","Warren.Botsford63@hotmail.com"
"987","Gabriel","Gibson","Gabriel_Gibson12@hotmail.com"
"988","Raquel","Schaden","Raquel.Schaden24@yahoo.com"
"989","Sandra","Greenfelder","Sandra45@yahoo.com"
"990","Shawna","Jacobs","Shawna.Jacobs@hotmail.com"
"991","Nicole","Crooks","Nicole8@hotmail.com"
"992","Bonnie","Bogan","Bonnie.Bogan@gmail.com"
"993","Donnie","Jaskolski","Donnie.Jaskolski@gmail.com"
"994","Keith","VonRueden","Keith.VonRueden@hotmail.com"
"995","Andre","Yundt","Andre_Yundt@hotmail.com"
"996","Rickey","Pollich","Rickey.Pollich@gmail.com"
"997","Cynthia","Berge","Cynthia_Berge@yahoo.com"
"998","Neal","Gibson","Neal49@hotmail.com"
"999","Philip","O'Hara","Philip.OHara@hotmail.com"
"1000","Jimmy","Armstrong","Jimmy.Armstrong88@gmail.com"